Factura,Fecha,C¢digoPa¡s,C¢digoDistribuidor,C¢digoOperador,C¢digoModelo,Cantidad,Precio,Venta,Objetivo
1,18/06/2013,5,1,2,29,12,2300,27600,30360
2,29/07/2013,10,1,2,4,12,2400,28800,31680
3,19/08/2011,3,5,2,27,1,2800,2800,2520
4,22/07/2012,5,4,2,9,14,500,7000,7000
5,10/05/2013,19,3,4,7,85,1600,136000,122400
6,25/12/2010,12,6,5,29,99,2300,227700,227700
7,12/05/2014,6,3,3,3,67,2000,134000,120600
8,12/03/2011,6,2,3,7,16,1600,25600,25600
9,07/07/2011,11,1,3,20,16,2500,40000,44000
10,10/09/2010,23,3,1,25,10,2000,20000,20000
11,28/07/2010,5,6,1,28,15,1800,27000,29700
12,12/04/2010,2,4,5,9,132,500,66000,59400
13,14/05/2013,13,4,1,15,6,700,4200,4620
14,16/08/2013,18,6,4,27,110,2800,308000,308000
15,20/05/2012,20,4,3,12,18,400,7200,6480
16,04/11/2014,11,5,5,10,82,450,36900,33210
17,09/04/2012,12,5,5,11,40,300,12000,13200
18,30/12/2012,1,5,2,1,79,200,15800,14220
19,29/06/2010,15,4,2,9,50,500,25000,25000
20,28/04/2011,13,3,2,3,0,2000,0,0
21,26/08/2014,17,2,4,24,64,1200,76800,76800
22,15/08/2012,1,5,5,6,26,2800,72800,72800
23,02/03/2012,22,5,2,26,39,2500,97500,97500
24,10/10/2012,14,2,2,6,7,2800,19600,21560
25,19/09/2011,15,1,5,20,16,2500,40000,44000
26,10/12/2014,13,5,3,3,121,2000,242000,242000
27,11/09/2012,5,6,3,13,178,600,106800,117480
28,17/06/2010,1,3,3,12,41,400,16400,16400
29,02/12/2010,22,5,5,15,75,700,52500,52500
30,03/08/2010,16,5,1,25,37,2000,74000,74000
31,01/04/2013,1,3,4,1,58,200,11600,11600
32,23/03/2012,2,4,2,7,34,1600,54400,54400
33,26/07/2014,12,5,5,4,220,2400,528000,528000
34,15/04/2011,22,4,1,16,17,350,5950,5355
35,24/09/2014,2,6,3,4,128,2400,307200,307200
36,10/03/2010,6,1,5,18,39,300,11700,11700
37,22/12/2010,21,4,3,23,60,2800,168000,184800
38,29/12/2013,13,1,2,7,13,1600,20800,20800
39,22/11/2012,1,1,2,13,13,600,7800,7020
40,27/07/2011,17,6,5,5,61,2600,158600,142740
41,30/05/2011,5,5,1,8,45,300,13500,13500
42,31/07/2010,14,1,2,23,16,2800,44800,44800
43,01/11/2014,8,4,1,12,35,400,14000,14000
44,15/09/2013,11,3,1,4,28,2400,67200,67200
45,15/02/2011,18,5,3,25,41,2000,82000,82000
46,16/05/2014,19,4,3,5,23,2600,59800,65780
47,05/02/2010,5,1,4,10,8,450,3600,3240
48,21/01/2013,3,4,3,3,26,2000,52000,52000
49,07/12/2011,16,3,2,6,52,2800,145600,131040
50,18/04/2011,14,3,4,29,114,2300,262200,235980
51,08/01/2013,5,5,2,29,91,2300,209300,230230
52,17/05/2013,5,3,5,8,102,300,30600,27540
53,23/02/2012,7,1,1,8,4,300,1200,1320
54,02/10/2013,22,5,1,2,18,1800,32400,35640
55,05/09/2011,24,6,5,17,28,250,7000,6300
56,19/08/2014,5,1,4,22,31,3200,99200,99200
57,16/07/2013,11,1,1,24,2,1200,2400,2640
58,26/09/2014,19,3,2,24,30,1200,36000,36000
59,07/01/2014,22,6,2,4,67,2400,160800,160800
60,27/07/2014,6,3,1,8,3,300,900,810
61,19/02/2011,11,1,5,28,11,1800,19800,17820
62,23/08/2014,5,3,4,19,44,2000,88000,79200
63,26/10/2011,4,2,3,7,9,1600,14400,15840
64,22/11/2011,7,5,2,9,78,500,39000,35100
65,08/04/2012,8,6,5,24,140,1200,168000,168000
66,21/05/2012,1,4,3,2,64,1800,115200,103680
67,17/02/2014,3,3,5,29,111,2300,255300,280830
68,13/04/2013,19,3,4,20,92,2500,230000,230000
69,11/04/2011,22,6,1,24,51,1200,61200,67320
70,18/04/2013,4,3,4,6,34,2800,95200,85680
71,07/09/2011,6,6,5,2,139,1800,250200,225180
72,27/06/2010,19,3,5,21,86,3000,258000,283800
73,07/11/2013,4,2,2,27,15,2800,42000,42000
74,23/04/2014,24,6,1,18,46,300,13800,15180
75,13/02/2010,24,5,1,12,4,400,1600,1600
76,09/06/2013,7,4,1,24,16,1200,19200,21120
77,31/10/2013,13,3,3,25,53,2000,106000,95400
78,29/12/2012,18,6,3,27,15,2800,42000,46200
79,10/06/2013,5,6,3,3,16,2000,32000,32000
80,25/12/2011,8,1,4,6,1,2800,2800,2520
81,05/02/2011,20,5,3,20,117,2500,292500,292500
82,21/09/2013,2,6,1,17,29,250,7250,7975
83,06/10/2010,13,2,4,21,55,3000,165000,148500
84,16/01/2011,12,2,1,17,0,250,0,0
85,05/09/2010,6,5,1,6,6,2800,16800,16800
86,07/06/2014,23,1,3,5,20,2600,52000,46800
87,12/11/2012,10,1,2,20,12,2500,30000,30000
88,21/02/2013,24,3,2,21,33,3000,99000,99000
89,23/09/2014,9,3,5,8,64,300,19200,19200
90,02/04/2011,24,4,1,13,1,600,600,660
91,28/02/2011,24,4,2,26,9,2500,22500,22500
92,01/02/2014,18,1,5,8,23,300,6900,7590
93,15/01/2013,5,4,3,13,56,600,33600,33600
94,01/06/2013,3,3,1,25,25,2000,50000,55000
95,20/07/2011,21,4,2,12,51,400,20400,18360
96,12/05/2014,1,3,3,23,63,2800,176400,194040
97,13/07/2012,12,1,1,29,0,2300,0,0
98,23/02/2014,18,2,5,23,60,2800,168000,168000
99,21/11/2011,13,3,4,6,56,2800,156800,141120
100,05/08/2011,3,5,4,25,171,2000,342000,376200
101,07/12/2013,10,5,5,18,3,300,900,810
102,15/07/2013,10,6,4,19,24,2000,48000,43200
103,10/05/2011,23,6,1,28,50,1800,90000,99000
104,12/07/2013,11,2,5,27,79,2800,221200,243320
105,14/08/2013,11,5,3,20,114,2500,285000,256500
106,10/10/2010,22,1,2,6,5,2800,14000,15400
107,17/03/2011,24,2,4,7,8,1600,12800,12800
108,11/11/2012,23,5,5,17,188,250,47000,51700
109,02/08/2011,5,1,2,29,6,2300,13800,13800
110,12/09/2013,8,1,1,13,4,600,2400,2400
111,17/06/2014,11,6,2,10,39,450,17550,17550
112,12/01/2014,21,5,3,10,134,450,60300,66330
113,18/04/2010,23,3,3,24,59,1200,70800,63720
114,29/07/2013,22,4,3,24,8,1200,9600,8640
115,03/04/2014,10,6,3,10,136,450,61200,67320
116,16/03/2011,17,1,2,15,2,700,1400,1400
117,23/09/2010,7,3,1,15,28,700,19600,17640
118,31/07/2014,22,2,4,5,18,2600,46800,51480
119,12/03/2012,22,3,1,17,28,250,7000,7000
120,28/10/2012,10,2,3,7,9,1600,14400,12960
121,21/08/2010,18,2,1,3,14,2000,28000,28000
122,11/03/2010,3,1,4,20,33,2500,82500,90750
123,30/03/2013,19,4,4,24,33,1200,39600,39600
124,10/12/2010,4,3,4,3,18,2000,36000,32400
125,24/03/2013,4,4,5,18,85,300,25500,22950
126,22/06/2011,8,6,5,28,82,1800,147600,162360
127,16/09/2010,10,3,3,29,70,2300,161000,177100
128,08/09/2011,21,2,2,5,5,2600,13000,11700
129,12/02/2012,2,4,1,11,16,300,4800,4320
130,03/08/2011,5,5,2,14,26,650,16900,15210
131,01/07/2012,23,5,4,19,1,2000,2000,2200
132,03/09/2013,10,1,4,11,7,300,2100,1890
133,01/06/2014,14,1,5,17,29,250,7250,7975
134,08/10/2014,17,2,2,7,17,1600,27200,24480
135,07/01/2014,1,1,2,7,3,1600,4800,5280
136,28/04/2014,7,6,5,3,149,2000,298000,327800
137,13/08/2014,19,2,5,29,71,2300,163300,179630
138,04/01/2012,20,6,2,29,86,2300,197800,197800
139,29/09/2014,3,4,3,16,2,350,700,630
140,31/07/2011,19,5,2,10,6,450,2700,2700
141,24/07/2012,23,6,2,28,83,1800,149400,149400
142,10/08/2010,19,1,2,20,6,2500,15000,15000
143,20/12/2010,12,1,5,18,35,300,10500,9450
144,06/10/2014,23,1,3,15,2,700,1400,1540
145,21/06/2011,13,5,3,25,57,2000,114000,102600
146,19/03/2014,3,2,4,19,39,2000,78000,85800
147,04/07/2014,9,3,5,7,148,1600,236800,213120
148,16/12/2010,13,6,1,6,57,2800,159600,159600
149,04/12/2013,6,3,5,6,40,2800,112000,123200
150,11/10/2011,22,1,5,19,24,2000,48000,48000
151,29/10/2011,17,4,5,25,49,2000,98000,107800
152,01/08/2010,15,2,1,28,13,1800,23400,25740
153,25/04/2011,13,1,1,10,6,450,2700,2970
154,12/01/2010,21,3,2,2,56,1800,100800,110880
155,03/08/2012,24,5,1,23,35,2800,98000,107800
156,06/10/2013,15,6,2,28,5,1800,9000,9000
157,19/01/2014,5,5,4,24,149,1200,178800,178800
158,24/04/2010,1,6,4,6,66,2800,184800,166320
159,31/10/2010,18,2,5,19,98,2000,196000,215600
160,07/07/2010,9,3,1,6,14,2800,39200,39200
161,09/02/2011,9,2,5,2,81,1800,145800,160380
162,19/04/2014,20,6,3,25,53,2000,106000,95400
163,09/05/2012,19,5,4,18,4,300,1200,1200
164,07/02/2011,15,3,3,7,74,1600,118400,130240
165,03/01/2014,21,4,4,10,18,450,8100,8910
166,12/03/2013,14,3,3,2,24,1800,43200,47520
167,02/06/2011,11,4,1,6,3,2800,8400,9240
168,27/03/2014,15,1,5,17,29,250,7250,7250
169,09/01/2014,22,2,3,10,12,450,5400,5400
170,23/08/2012,24,4,1,28,39,1800,70200,70200
171,07/06/2014,13,4,1,2,25,1800,45000,49500
172,23/11/2012,11,3,1,1,8,200,1600,1600
173,12/06/2013,12,5,1,9,11,500,5500,4950
174,25/09/2014,7,3,1,2,23,1800,41400,41400
175,28/08/2011,21,3,4,7,118,1600,188800,169920
176,02/08/2011,11,2,1,10,3,450,1350,1350
177,26/10/2011,5,2,4,27,42,2800,117600,105840
178,06/09/2012,18,6,2,15,56,700,39200,35280
179,08/10/2012,8,3,4,25,2,2000,4000,3600
180,29/09/2014,20,3,1,12,18,400,7200,7200
181,22/05/2013,17,3,2,18,28,300,8400,8400
182,20/12/2011,3,3,5,8,33,300,9900,10890
183,21/12/2010,23,1,5,3,24,2000,48000,48000
184,26/10/2011,1,6,3,2,62,1800,111600,111600
185,06/09/2012,13,6,5,18,33,300,9900,10890
186,18/11/2014,4,2,5,10,31,450,13950,12555
187,11/07/2011,20,6,3,9,83,500,41500,41500
188,17/10/2014,20,5,2,10,94,450,42300,38070
189,13/12/2010,17,2,1,29,17,2300,39100,43010
190,09/06/2010,22,2,5,20,86,2500,215000,236500
191,01/06/2011,6,1,1,17,0,250,0,0
192,22/04/2010,22,3,5,28,36,1800,64800,64800
193,17/03/2013,5,5,4,18,125,300,37500,41250
194,28/11/2010,7,2,3,8,1,300,300,330
195,14/05/2011,23,2,3,21,55,3000,165000,148500
196,27/08/2010,3,5,4,27,36,2800,100800,110880
197,23/11/2012,13,5,3,16,11,350,3850,4235
198,24/07/2010,18,5,2,29,38,2300,87400,78660
199,23/07/2011,24,5,5,18,107,300,32100,28890
200,23/04/2013,18,1,3,10,17,450,7650,8415
201,20/09/2010,14,6,3,20,161,2500,402500,402500
202,11/10/2011,6,2,5,16,92,350,32200,32200
203,15/01/2012,20,1,2,13,16,600,9600,8640
204,10/10/2013,11,3,1,7,6,1600,9600,9600
205,21/05/2011,21,1,1,21,0,3000,0,0
206,23/10/2011,20,2,3,15,27,700,18900,18900
207,18/02/2013,15,6,3,4,43,2400,103200,103200
208,02/10/2013,1,6,4,21,83,3000,249000,249000
209,31/03/2011,8,2,3,15,31,700,21700,21700
210,21/02/2013,5,5,2,8,83,300,24900,27390
211,03/03/2011,8,2,5,26,5,2500,12500,13750
212,11/10/2014,21,6,1,11,57,300,17100,15390
213,02/02/2011,6,5,4,22,53,3200,169600,152640
214,14/02/2010,5,2,1,8,2,300,600,600
215,27/03/2011,11,3,2,28,48,1800,86400,77760
216,05/04/2010,12,5,3,27,92,2800,257600,257600
217,25/05/2013,16,5,3,2,115,1800,207000,227700
218,08/12/2010,1,3,4,13,116,600,69600,69600
219,24/09/2011,8,4,1,29,7,2300,16100,17710
220,08/07/2010,7,2,3,26,40,2500,100000,90000
221,10/08/2014,14,4,5,5,118,2600,306800,306800
222,18/07/2011,17,6,3,9,14,500,7000,7700
223,12/09/2013,12,5,2,18,5,300,1500,1350
224,25/04/2011,2,3,2,20,56,2500,140000,126000
225,04/02/2012,18,1,2,17,3,250,750,675
226,27/08/2014,24,1,2,21,16,3000,48000,52800
227,11/10/2013,14,4,2,19,70,2000,140000,126000
228,09/12/2011,1,2,1,26,7,2500,17500,19250
229,30/11/2012,7,2,4,13,9,600,5400,5400
230,13/03/2013,17,6,2,12,68,400,27200,27200
231,24/06/2014,21,1,1,23,9,2800,25200,22680
232,13/04/2012,18,1,5,14,5,650,3250,3575
233,27/03/2012,18,1,5,18,17,300,5100,4590
234,31/07/2010,7,1,5,26,45,2500,112500,101250
235,17/09/2013,9,5,4,6,133,2800,372400,372400
236,17/08/2010,24,6,4,24,125,1200,150000,135000
237,29/06/2011,15,2,3,18,1,300,300,330
238,30/08/2012,12,4,2,27,64,2800,179200,179200
239,25/01/2011,8,5,4,29,44,2300,101200,111320
240,27/08/2011,13,1,2,15,8,700,5600,5600
241,27/04/2010,13,5,5,12,17,400,6800,7480
242,08/02/2010,17,4,1,8,21,300,6300,6300
243,07/02/2010,14,2,4,8,48,300,14400,12960
244,15/09/2010,23,2,2,1,38,200,7600,6840
245,17/07/2010,16,5,2,17,98,250,24500,26950
246,24/02/2014,19,5,3,20,8,2500,20000,18000
247,16/05/2010,21,6,4,24,26,1200,31200,28080
248,15/06/2011,15,5,3,5,20,2600,52000,57200
249,02/02/2011,2,6,3,6,135,2800,378000,415800
250,19/03/2010,18,6,1,22,37,3200,118400,130240
251,03/12/2014,14,1,4,10,0,450,0,0
252,23/09/2012,2,3,4,13,86,600,51600,56760
253,31/03/2011,2,2,3,4,19,2400,45600,50160
254,18/04/2014,2,2,4,8,22,300,6600,5940
255,31/01/2013,11,1,3,27,11,2800,30800,30800
256,20/01/2011,4,5,3,2,82,1800,147600,132840
257,18/01/2013,8,6,5,25,62,2000,124000,111600
258,21/02/2012,21,6,4,17,34,250,8500,7650
259,31/05/2012,22,1,5,20,34,2500,85000,76500
260,03/08/2012,17,3,4,10,70,450,31500,31500
261,26/05/2011,7,2,1,29,11,2300,25300,27830
262,03/03/2014,17,1,5,13,12,600,7200,7920
263,13/05/2012,8,1,2,15,15,700,10500,9450
264,16/02/2014,7,2,3,20,44,2500,110000,110000
265,30/03/2014,10,4,1,26,38,2500,95000,104500
266,27/09/2014,22,6,4,6,66,2800,184800,184800
267,25/06/2010,14,6,1,16,28,350,9800,8820
268,23/08/2013,1,1,4,25,17,2000,34000,30600
269,14/12/2011,13,3,5,1,149,200,29800,32780
270,11/02/2011,5,3,5,16,123,350,43050,47355
271,20/11/2010,20,3,3,25,46,2000,92000,82800
272,28/11/2014,11,5,3,25,44,2000,88000,96800
273,06/08/2012,16,5,5,6,211,2800,590800,590800
274,17/10/2013,24,1,5,6,31,2800,86800,86800
275,17/01/2012,13,6,4,22,77,3200,246400,221760
276,01/06/2010,10,2,2,23,13,2800,36400,40040
277,18/12/2012,11,1,4,12,20,400,8000,8800
278,11/10/2012,12,3,1,25,6,2000,12000,12000
279,01/07/2013,19,3,1,22,19,3200,60800,54720
280,01/07/2012,14,1,2,10,19,450,8550,7695
281,03/02/2014,13,6,3,29,97,2300,223100,245410
282,05/01/2014,15,5,3,17,97,250,24250,26675
283,18/03/2010,17,2,5,22,64,3200,204800,204800
284,04/04/2011,19,3,1,23,12,2800,33600,33600
285,15/04/2011,11,6,3,2,115,1800,207000,227700
286,24/05/2010,5,3,5,19,89,2000,178000,160200
287,22/11/2012,15,2,1,11,3,300,900,990
288,27/12/2010,8,3,2,3,36,2000,72000,64800
289,01/07/2014,23,4,1,1,36,200,7200,6480
290,02/05/2011,2,6,4,20,128,2500,320000,320000
291,18/01/2011,11,1,2,26,13,2500,32500,32500
292,28/11/2014,21,1,1,9,5,500,2500,2500
293,30/07/2013,19,2,5,14,38,650,24700,27170
294,23/09/2011,7,2,5,11,46,300,13800,12420
295,24/11/2013,4,6,2,7,76,1600,121600,121600
296,09/01/2014,3,4,3,1,11,200,2200,1980
297,09/09/2012,15,1,1,26,6,2500,15000,15000
298,14/12/2011,18,3,1,2,28,1800,50400,45360
299,14/06/2011,2,6,4,21,172,3000,516000,464400
300,08/03/2014,19,1,3,7,20,1600,32000,32000
301,14/10/2010,1,2,4,7,4,1600,6400,7040
302,18/11/2013,24,4,4,19,141,2000,282000,282000
303,16/05/2012,11,1,2,14,6,650,3900,4290
304,19/03/2014,18,2,5,24,46,1200,55200,60720
305,31/10/2012,16,5,5,22,50,3200,160000,160000
306,24/04/2010,23,3,5,22,91,3200,291200,291200
307,02/09/2010,12,6,1,21,3,3000,9000,9900
308,18/04/2014,4,4,1,3,14,2000,28000,25200
309,16/04/2010,9,2,3,4,31,2400,74400,74400
310,18/04/2014,15,1,4,18,10,300,3000,3300
311,25/12/2014,5,1,1,24,3,1200,3600,3240
312,13/05/2010,14,2,3,19,22,2000,44000,48400
313,17/02/2012,4,1,3,29,4,2300,9200,9200
314,10/06/2014,11,6,4,14,27,650,17550,19305
315,17/12/2014,1,1,2,27,1,2800,2800,3080
316,21/04/2011,7,5,1,16,15,350,5250,4725
317,27/09/2014,13,6,2,10,5,450,2250,2475
318,10/05/2013,20,2,1,12,9,400,3600,3960
319,18/06/2012,16,6,5,17,44,250,11000,12100
320,18/07/2011,12,1,4,9,1,500,500,500
321,19/04/2012,11,3,5,5,23,2600,59800,65780
322,02/12/2011,19,6,2,9,39,500,19500,21450
323,09/09/2013,23,1,4,28,29,1800,52200,52200
324,09/09/2010,2,2,5,9,90,500,45000,49500
325,01/01/2011,4,3,3,8,70,300,21000,18900
326,02/07/2014,2,1,2,4,2,2400,4800,4800
327,17/02/2011,13,4,4,11,68,300,20400,18360
328,27/08/2011,11,5,5,10,149,450,67050,73755
329,19/04/2014,3,5,5,24,69,1200,82800,74520
330,26/06/2011,3,1,4,19,27,2000,54000,59400
331,21/07/2011,17,6,2,22,3,3200,9600,10560
332,05/05/2011,16,6,4,19,173,2000,346000,311400
333,09/03/2014,3,6,3,6,169,2800,473200,520520
334,02/08/2011,21,6,2,18,52,300,15600,17160
335,28/02/2013,4,2,1,5,19,2600,49400,54340
336,08/05/2012,15,3,5,10,43,450,19350,19350
337,27/09/2010,9,2,5,23,47,2800,131600,131600
338,08/07/2012,18,3,3,26,65,2500,162500,178750
339,06/10/2010,6,2,5,11,3,300,900,900
340,11/06/2014,12,6,1,28,59,1800,106200,95580
341,10/08/2010,1,4,3,5,70,2600,182000,163800
342,22/12/2012,22,6,1,17,20,250,5000,4500
343,06/01/2013,3,1,1,14,6,650,3900,3510
344,27/07/2011,13,6,5,3,31,2000,62000,68200
345,22/07/2013,6,2,5,18,11,300,3300,3300
346,08/02/2013,2,3,4,13,108,600,64800,58320
347,14/06/2014,24,4,3,27,54,2800,151200,151200
348,30/03/2010,20,1,1,2,4,1800,7200,7920
349,25/01/2013,18,5,2,23,75,2800,210000,210000
350,30/12/2011,17,1,4,16,10,350,3500,3850
351,28/07/2014,5,1,1,28,0,1800,0,0
352,07/06/2014,23,1,1,29,7,2300,16100,14490
353,10/05/2013,5,6,3,5,161,2600,418600,460460
354,18/10/2011,18,5,5,13,36,600,21600,19440
355,12/10/2013,21,6,4,18,17,300,5100,5100
356,27/09/2013,10,4,4,22,114,3200,364800,364800
357,07/12/2011,15,6,5,7,68,1600,108800,119680
358,26/05/2014,9,5,1,1,0,200,0,0
359,19/04/2011,19,6,2,1,16,200,3200,3200
360,26/01/2014,6,1,3,25,25,2000,50000,45000
361,04/04/2010,9,4,1,14,8,650,5200,4680
362,29/07/2010,19,6,4,9,57,500,28500,28500
363,05/08/2014,13,5,5,12,131,400,52400,47160
364,25/12/2014,13,2,3,14,27,650,17550,19305
365,17/08/2013,11,1,3,29,22,2300,50600,45540
366,13/02/2014,17,1,4,22,28,3200,89600,89600
367,04/03/2012,19,4,5,17,67,250,16750,16750
368,17/04/2011,23,5,1,24,16,1200,19200,19200
369,07/03/2013,10,5,4,29,193,2300,443900,488290
370,02/08/2010,22,2,5,17,98,250,24500,22050
371,17/11/2012,4,3,2,8,49,300,14700,14700
372,15/07/2014,22,5,2,13,60,600,36000,39600
373,08/11/2013,6,6,3,29,31,2300,71300,64170
374,18/01/2013,9,6,2,20,74,2500,185000,166500
375,17/12/2010,16,3,2,28,28,1800,50400,55440
376,28/01/2014,7,2,1,25,14,2000,28000,25200
377,25/04/2012,1,1,3,2,7,1800,12600,11340
378,05/10/2014,4,3,3,14,60,650,39000,39000
379,20/01/2014,10,4,2,11,51,300,15300,15300
380,19/11/2010,24,1,2,24,18,1200,21600,21600
381,10/05/2011,2,1,1,16,0,350,0,0
382,07/08/2013,21,3,5,13,147,600,88200,88200
383,25/08/2010,3,5,3,4,126,2400,302400,332640
384,01/02/2013,23,4,3,9,107,500,53500,58850
385,26/02/2013,13,1,5,11,36,300,10800,9720
386,03/03/2013,13,3,2,6,18,2800,50400,55440
387,01/01/2012,14,5,2,2,0,1800,0,0
388,11/09/2012,3,4,1,27,26,2800,72800,72800
389,18/04/2012,18,5,1,23,47,2800,131600,131600
390,09/05/2013,14,6,1,28,22,1800,39600,43560
391,06/02/2014,4,5,5,2,175,1800,315000,346500
392,07/08/2010,15,3,5,1,81,200,16200,16200
393,30/05/2014,6,1,5,5,6,2600,15600,17160
394,10/03/2012,22,1,1,13,2,600,1200,1200
395,28/10/2012,1,6,5,22,64,3200,204800,204800
396,04/09/2013,8,6,1,24,51,1200,61200,61200
397,01/10/2012,11,2,5,2,10,1800,18000,18000
398,09/01/2014,7,5,2,15,96,700,67200,67200
399,04/03/2012,19,5,1,24,49,1200,58800,52920
400,08/07/2011,23,6,5,7,214,1600,342400,376640
401,28/02/2010,16,6,1,12,22,400,8800,9680
402,19/04/2013,14,3,4,28,75,1800,135000,148500
403,08/09/2010,2,2,5,6,18,2800,50400,50400
404,03/05/2011,24,1,2,12,16,400,6400,6400
405,13/11/2011,3,1,2,12,6,400,2400,2400
406,09/02/2012,5,5,1,28,16,1800,28800,25920
407,15/04/2014,23,3,3,12,46,400,18400,20240
408,12/11/2012,22,1,4,16,37,350,12950,12950
409,16/01/2014,6,4,1,23,13,2800,36400,40040
410,18/10/2010,7,6,5,7,267,1600,427200,427200
411,26/10/2013,3,3,5,13,93,600,55800,50220
412,15/08/2012,11,6,4,18,88,300,26400,23760
413,14/11/2014,2,2,3,19,22,2000,44000,44000
414,07/06/2010,6,4,3,1,54,200,10800,11880
415,21/03/2013,16,2,3,7,56,1600,89600,98560
416,01/08/2014,5,6,2,14,78,650,50700,55770
417,01/05/2011,20,3,5,11,54,300,16200,16200
418,09/09/2014,22,5,4,17,74,250,18500,20350
419,07/08/2014,4,3,4,9,8,500,4000,3600
420,28/03/2013,11,1,4,18,11,300,3300,3300
421,21/08/2013,2,3,3,3,89,2000,178000,178000
422,26/07/2010,18,5,2,15,83,700,58100,52290
423,29/03/2010,6,6,3,14,24,650,15600,17160
424,18/12/2012,9,2,3,27,26,2800,72800,72800
425,04/04/2010,14,2,3,8,6,300,1800,1620
426,07/08/2011,19,3,2,4,24,2400,57600,51840
427,19/06/2010,8,3,5,20,135,2500,337500,337500
428,26/06/2012,4,1,1,15,9,700,6300,5670
429,27/02/2013,19,1,1,16,8,350,2800,2800
430,09/06/2010,3,5,1,23,40,2800,112000,123200
431,14/08/2010,16,4,2,1,58,200,11600,12760
432,23/12/2011,18,2,3,20,14,2500,35000,31500
433,11/01/2010,12,5,4,19,178,2000,356000,356000
434,12/08/2014,21,3,2,14,46,650,29900,26910
435,21/02/2012,12,1,5,21,39,3000,117000,105300
436,23/09/2014,2,5,4,26,194,2500,485000,436500
437,28/09/2012,22,3,5,28,76,1800,136800,136800
438,10/07/2011,18,1,3,26,5,2500,12500,12500
439,25/09/2011,24,4,5,17,32,250,8000,8800
440,16/08/2010,24,6,2,18,116,300,34800,34800
441,07/05/2011,9,6,3,26,125,2500,312500,312500
442,31/12/2012,8,5,4,6,86,2800,240800,240800
443,07/01/2010,24,3,4,8,111,300,33300,33300
444,27/02/2011,23,6,3,26,65,2500,162500,146250
445,18/03/2013,8,2,3,7,51,1600,81600,73440
446,12/04/2011,23,4,1,29,31,2300,71300,64170
447,14/07/2010,19,6,1,1,45,200,9000,9000
448,25/08/2011,17,5,3,8,113,300,33900,37290
449,23/09/2012,18,5,2,29,37,2300,85100,93610
450,18/12/2010,20,5,1,17,29,250,7250,6525
451,03/02/2014,18,5,5,16,211,350,73850,66465
452,02/12/2011,9,4,2,13,10,600,6000,5400
453,01/10/2014,22,4,2,1,45,200,9000,9000
454,18/11/2011,7,2,2,26,7,2500,17500,17500
455,19/08/2013,20,6,3,27,136,2800,380800,342720
456,17/11/2014,14,3,5,5,15,2600,39000,35100
457,02/09/2014,24,4,5,10,74,450,33300,36630
458,06/02/2013,19,4,1,18,25,300,7500,8250
459,29/01/2010,13,1,4,27,11,2800,30800,30800
460,25/09/2012,17,4,2,3,79,2000,158000,142200
461,31/01/2012,17,4,5,20,69,2500,172500,189750
462,24/03/2013,8,1,4,21,14,3000,42000,37800
463,08/07/2010,11,2,2,3,29,2000,58000,63800
464,19/03/2012,15,6,3,15,172,700,120400,120400
465,03/04/2010,3,4,4,3,60,2000,120000,132000
466,16/06/2012,7,5,3,3,46,2000,92000,82800
467,13/09/2013,23,4,2,3,27,2000,54000,48600
468,15/03/2014,11,1,3,20,14,2500,35000,38500
469,26/07/2010,24,5,3,3,75,2000,150000,135000
470,08/05/2013,20,2,2,3,39,2000,78000,85800
471,13/09/2011,17,1,2,26,12,2500,30000,30000
472,08/09/2011,13,2,5,4,90,2400,216000,237600
473,02/03/2014,20,1,2,29,9,2300,20700,22770
474,24/09/2011,10,2,3,9,14,500,7000,7700
475,03/06/2011,6,1,2,11,18,300,5400,5400
476,11/05/2011,24,6,4,26,202,2500,505000,555500
477,13/03/2014,14,4,3,10,36,450,16200,17820
478,08/05/2014,16,2,3,7,51,1600,81600,73440
479,22/09/2010,24,3,3,6,3,2800,8400,7560
480,22/10/2014,16,5,2,22,42,3200,134400,120960
481,10/07/2010,12,4,2,5,30,2600,78000,85800
482,26/06/2010,17,2,4,11,53,300,15900,14310
483,22/08/2012,1,1,3,20,20,2500,50000,50000
484,14/05/2013,9,4,4,5,25,2600,65000,58500
485,14/05/2010,24,5,1,8,27,300,8100,7290
486,18/06/2011,9,5,4,2,175,1800,315000,315000
487,09/01/2014,8,5,4,17,65,250,16250,16250
488,21/05/2012,11,5,3,14,123,650,79950,71955
489,02/06/2010,22,4,3,5,97,2600,252200,252200
490,05/02/2012,13,1,4,15,37,700,25900,28490
491,01/03/2010,20,4,3,12,9,400,3600,3600
492,01/10/2011,14,4,5,25,105,2000,210000,231000
493,13/01/2011,8,3,1,3,29,2000,58000,52200
494,07/12/2013,21,3,2,6,30,2800,84000,84000
495,23/04/2013,13,6,2,9,66,500,33000,33000
496,18/11/2011,11,3,3,6,41,2800,114800,114800
497,07/01/2014,4,4,4,14,112,650,72800,80080
498,04/12/2012,23,3,2,23,17,2800,47600,52360
499,29/06/2013,9,5,4,7,100,1600,160000,176000
500,03/03/2012,1,5,5,5,6,2600,15600,17160
501,08/08/2013,19,5,1,26,13,2500,32500,32500
502,22/12/2011,7,5,2,5,18,2600,46800,51480
503,01/11/2012,18,6,2,23,107,2800,299600,299600
504,07/05/2014,15,1,1,16,6,350,2100,2100
505,17/02/2011,18,1,1,29,9,2300,20700,20700
506,21/12/2011,15,3,5,7,98,1600,156800,141120
507,04/11/2012,13,3,5,13,122,600,73200,73200
508,13/09/2010,6,6,4,7,197,1600,315200,346720
509,09/02/2010,21,5,3,12,149,400,59600,53640
510,22/11/2011,3,5,1,27,24,2800,67200,67200
511,15/04/2012,13,1,3,22,14,3200,44800,49280
512,09/08/2012,20,3,2,28,45,1800,81000,81000
513,17/07/2013,2,3,4,24,115,1200,138000,138000
514,06/02/2012,1,5,5,11,226,300,67800,61020
515,27/05/2013,4,1,1,29,2,2300,4600,4140
516,23/09/2010,23,2,3,21,44,3000,132000,118800
517,28/08/2012,12,2,1,14,6,650,3900,3510
518,07/03/2011,13,5,2,12,84,400,33600,36960
519,17/09/2014,8,5,4,5,124,2600,322400,290160
520,25/02/2014,16,5,5,27,144,2800,403200,362880
521,04/08/2011,12,3,2,7,4,1600,6400,7040
522,19/12/2011,17,2,2,9,16,500,8000,7200
523,30/05/2010,4,6,4,4,56,2400,134400,134400
524,20/08/2014,18,1,4,17,19,250,4750,4275
525,03/03/2010,3,4,2,11,40,300,12000,10800
526,18/07/2010,7,3,4,22,109,3200,348800,313920
527,12/11/2011,11,1,4,8,7,300,2100,2100
528,07/06/2011,5,6,4,17,130,250,32500,29250
529,02/10/2011,19,4,2,10,76,450,34200,37620
530,31/07/2013,2,6,5,27,52,2800,145600,145600
531,10/02/2014,22,3,3,13,9,600,5400,4860
532,14/10/2012,22,4,3,17,33,250,8250,9075
533,28/03/2012,23,6,2,14,84,650,54600,49140
534,05/06/2010,1,5,2,5,69,2600,179400,161460
535,04/09/2012,21,3,2,26,38,2500,95000,85500
536,11/04/2012,2,2,2,8,21,300,6300,5670
537,11/09/2010,15,2,4,8,42,300,12600,11340
538,19/04/2010,22,3,1,28,15,1800,27000,27000
539,16/03/2014,21,5,2,6,18,2800,50400,50400
540,12/04/2014,8,2,5,28,23,1800,41400,45540
541,08/05/2013,9,4,4,27,86,2800,240800,216720
542,16/09/2011,5,4,1,20,20,2500,50000,50000
543,02/12/2012,18,6,3,18,8,300,2400,2640
544,12/03/2011,4,4,5,4,91,2400,218400,196560
545,22/10/2013,1,2,5,19,89,2000,178000,160200
546,05/06/2011,8,1,3,11,29,300,8700,8700
547,19/09/2014,5,5,3,9,132,500,66000,59400
548,31/10/2010,21,4,2,10,4,450,1800,1800
549,10/11/2014,17,6,4,10,46,450,20700,20700
550,14/11/2011,4,3,4,11,85,300,25500,22950
551,30/12/2010,16,6,2,6,97,2800,271600,298760
552,05/05/2011,22,5,4,9,138,500,69000,62100
553,09/12/2014,24,4,4,21,139,3000,417000,458700
554,17/08/2010,12,1,1,28,5,1800,9000,9000
555,26/07/2013,5,4,1,2,16,1800,28800,31680
556,18/10/2010,15,6,3,15,173,700,121100,108990
557,19/06/2011,1,2,2,21,31,3000,93000,102300
558,28/06/2011,2,5,1,17,44,250,11000,11000
559,12/05/2012,18,6,1,5,4,2600,10400,9360
560,21/01/2010,7,5,4,9,188,500,94000,94000
561,02/01/2013,6,4,5,4,51,2400,122400,122400
562,30/01/2011,20,1,1,16,1,350,350,350
563,15/01/2014,4,5,5,2,219,1800,394200,354780
564,22/10/2014,17,2,2,8,34,300,10200,9180
565,10/01/2011,10,4,2,28,43,1800,77400,69660
566,26/11/2013,7,4,4,7,70,1600,112000,123200
567,04/06/2010,9,5,1,21,41,3000,123000,123000
568,24/09/2013,21,2,1,2,7,1800,12600,13860
569,23/01/2014,16,2,2,20,5,2500,12500,12500
570,05/03/2013,19,4,5,1,60,200,12000,10800
571,18/11/2014,10,3,5,22,98,3200,313600,344960
572,10/02/2011,16,3,1,26,3,2500,7500,6750
573,26/04/2012,8,5,5,7,140,1600,224000,246400
574,26/05/2011,9,3,2,15,57,700,39900,39900
575,22/01/2012,2,1,5,26,42,2500,105000,115500
576,05/01/2011,13,4,2,1,49,200,9800,10780
577,04/10/2014,8,4,1,22,39,3200,124800,124800
578,02/07/2010,17,2,1,7,6,1600,9600,9600
579,14/08/2014,8,1,1,17,2,250,500,450
580,15/12/2014,13,2,2,28,27,1800,48600,43740
581,22/08/2011,12,5,2,22,48,3200,153600,153600
582,26/12/2013,22,6,2,15,88,700,61600,55440
583,16/10/2012,12,4,1,28,6,1800,10800,10800
584,27/05/2013,8,1,1,14,6,650,3900,3510
585,20/10/2010,6,4,3,22,73,3200,233600,210240
586,26/05/2010,11,2,1,13,2,600,1200,1200
587,14/03/2014,1,6,4,3,9,2000,18000,16200
588,08/08/2014,23,6,1,1,17,200,3400,3400
589,19/12/2010,20,5,2,26,14,2500,35000,31500
590,01/04/2010,5,1,1,22,5,3200,16000,14400
591,17/12/2013,8,2,2,28,34,1800,61200,61200
592,13/05/2013,5,2,5,3,51,2000,102000,112200
593,13/03/2013,14,1,2,24,15,1200,18000,19800
594,08/08/2011,17,5,2,7,17,1600,27200,24480
595,24/06/2012,4,1,3,15,16,700,11200,10080
596,07/12/2011,21,5,4,25,18,2000,36000,32400
597,05/04/2011,21,4,3,17,55,250,13750,12375
598,03/06/2012,7,4,1,16,3,350,1050,945
599,20/04/2010,4,5,2,7,64,1600,102400,92160
600,13/05/2011,5,4,3,9,95,500,47500,52250
601,15/04/2013,23,3,5,10,146,450,65700,65700
602,27/03/2013,12,2,5,12,86,400,34400,30960
603,30/03/2010,18,6,5,12,46,400,18400,18400
604,05/09/2012,22,5,5,5,171,2600,444600,400140
605,29/06/2011,6,1,2,5,4,2600,10400,9360
606,07/01/2011,1,6,3,23,36,2800,100800,110880
607,26/11/2014,21,6,5,9,286,500,143000,143000
608,20/03/2014,11,3,5,16,33,350,11550,11550
609,25/02/2011,6,4,2,26,65,2500,162500,178750
610,06/09/2014,4,6,1,10,47,450,21150,21150
611,29/12/2010,3,3,3,27,21,2800,58800,58800
612,23/04/2014,22,4,5,14,40,650,26000,26000
613,19/09/2012,18,2,2,24,36,1200,43200,43200
614,30/01/2013,12,1,1,23,4,2800,11200,12320
615,04/02/2014,22,6,5,17,273,250,68250,68250
616,18/12/2011,7,1,5,26,1,2500,2500,2250
617,23/06/2010,19,1,2,20,18,2500,45000,49500
618,27/07/2012,8,2,5,29,30,2300,69000,69000
619,14/10/2011,17,6,4,27,92,2800,257600,283360
620,22/07/2012,6,1,1,26,0,2500,0,0
621,29/06/2010,4,3,4,24,11,1200,13200,11880
622,16/04/2012,20,5,4,23,104,2800,291200,262080
623,26/08/2011,22,1,2,8,18,300,5400,5400
624,16/04/2012,1,5,4,29,17,2300,39100,35190
625,04/02/2012,10,5,4,2,13,1800,23400,21060
626,14/02/2013,5,1,3,4,27,2400,64800,71280
627,02/07/2013,3,5,1,20,36,2500,90000,90000
628,20/08/2014,23,6,2,17,118,250,29500,29500
629,16/07/2011,8,4,2,11,50,300,15000,16500
630,22/08/2013,4,6,3,1,19,200,3800,4180
631,16/09/2012,23,4,4,14,121,650,78650,78650
632,10/04/2013,19,2,1,2,6,1800,10800,11880
633,05/04/2011,24,6,5,26,241,2500,602500,662750
634,27/12/2013,22,5,1,4,33,2400,79200,79200
635,12/12/2010,1,5,5,28,58,1800,104400,93960
636,13/12/2012,18,5,2,29,50,2300,115000,103500
637,29/09/2014,13,4,5,11,68,300,20400,22440
638,16/07/2014,4,5,4,28,137,1800,246600,246600
639,20/10/2011,21,1,2,28,16,1800,28800,25920
640,21/05/2013,4,5,4,24,32,1200,38400,42240
641,23/07/2010,7,4,3,15,44,700,30800,33880
642,02/07/2014,19,2,2,26,15,2500,37500,33750
643,24/08/2011,19,1,1,3,1,2000,2000,1800
644,21/09/2011,4,6,5,4,99,2400,237600,237600
645,28/01/2010,12,2,1,25,8,2000,16000,17600
646,14/12/2013,15,4,5,16,116,350,40600,36540
647,08/09/2012,18,1,3,1,12,200,2400,2160
648,26/07/2013,15,1,2,13,18,600,10800,10800
649,16/12/2012,2,3,3,15,19,700,13300,14630
650,02/01/2013,19,3,3,11,22,300,6600,7260
651,31/03/2012,10,5,1,13,48,600,28800,31680
652,27/10/2011,22,4,2,26,76,2500,190000,171000
653,22/09/2010,11,2,1,29,3,2300,6900,6210
654,17/05/2012,20,1,3,19,3,2000,6000,6000
655,29/07/2014,16,6,3,4,15,2400,36000,39600
656,08/10/2012,9,2,2,24,25,1200,30000,33000
657,05/01/2012,10,6,5,18,103,300,30900,33990
658,14/11/2010,13,4,1,4,23,2400,55200,55200
659,18/05/2012,16,3,3,20,56,2500,140000,126000
660,30/06/2010,17,6,4,22,61,3200,195200,195200
661,10/10/2013,1,5,5,22,187,3200,598400,538560
662,16/12/2012,15,6,3,14,59,650,38350,34515
663,07/02/2013,21,4,4,8,76,300,22800,25080
664,04/02/2010,24,3,4,3,116,2000,232000,208800
665,16/07/2014,11,3,5,5,2,2600,5200,5200
666,01/11/2013,1,4,1,14,18,650,11700,11700
667,20/05/2012,5,2,1,15,7,700,4900,5390
668,06/09/2011,11,5,5,28,107,1800,192600,211860
669,12/10/2013,21,6,1,16,59,350,20650,18585
670,31/12/2014,24,5,5,7,63,1600,100800,110880
671,18/10/2011,8,5,4,24,39,1200,46800,42120
672,16/03/2012,5,4,3,28,52,1800,93600,93600
673,29/09/2012,8,6,5,12,125,400,50000,50000
674,26/02/2011,7,6,4,16,199,350,69650,76615
675,22/04/2014,7,1,2,16,8,350,2800,2800
676,03/09/2010,20,4,4,1,150,200,30000,33000
677,15/11/2012,16,6,5,26,139,2500,347500,382250
678,22/06/2013,24,2,1,7,18,1600,28800,25920
679,14/01/2010,5,1,4,8,39,300,11700,11700
680,30/07/2012,8,1,5,14,2,650,1300,1170
681,22/01/2014,8,2,3,22,7,3200,22400,20160
682,13/02/2011,24,4,3,19,50,2000,100000,90000
683,23/09/2010,13,2,1,18,19,300,5700,6270
684,24/08/2014,6,1,3,27,14,2800,39200,39200
685,19/08/2011,24,5,3,12,121,400,48400,53240
686,03/09/2014,4,4,3,20,27,2500,67500,74250
687,31/03/2014,13,6,3,17,47,250,11750,12925
688,04/10/2011,21,6,5,6,44,2800,123200,110880
689,09/02/2010,21,1,2,11,14,300,4200,4620
690,29/07/2011,5,3,3,5,50,2600,130000,130000
691,28/10/2011,6,2,1,26,13,2500,32500,29250
692,11/12/2012,12,2,4,18,15,300,4500,4950
693,01/01/2011,17,5,5,22,105,3200,336000,336000
694,09/08/2014,9,5,4,23,14,2800,39200,35280
695,21/04/2010,10,4,1,24,25,1200,30000,27000
696,17/03/2013,1,2,2,23,28,2800,78400,70560
697,03/02/2013,2,4,1,28,32,1800,57600,51840
698,29/12/2014,22,6,2,6,29,2800,81200,73080
699,03/01/2010,22,2,1,28,3,1800,5400,5400
700,20/09/2014,18,2,1,6,8,2800,22400,20160
701,16/12/2011,16,5,5,29,25,2300,57500,57500
702,31/08/2014,15,2,4,7,9,1600,14400,14400
703,02/07/2011,19,6,5,9,274,500,137000,123300
704,14/10/2012,22,1,2,24,1,1200,1200,1200
705,01/02/2014,10,4,4,8,157,300,47100,47100
706,29/04/2010,19,1,1,9,7,500,3500,3150
707,30/08/2014,9,3,5,22,18,3200,57600,51840
708,02/12/2011,11,6,4,4,12,2400,28800,25920
709,30/10/2013,13,4,4,27,6,2800,16800,18480
710,30/07/2013,5,5,5,22,157,3200,502400,452160
711,23/03/2012,5,2,2,3,28,2000,56000,61600
712,22/12/2014,6,2,5,23,48,2800,134400,147840
713,01/11/2013,1,6,1,27,1,2800,2800,2800
714,30/06/2012,17,6,4,6,134,2800,375200,412720
715,12/05/2011,22,5,2,23,67,2800,187600,187600
716,15/07/2013,19,2,4,27,11,2800,30800,33880
717,19/08/2011,22,4,1,29,6,2300,13800,15180
718,05/01/2010,6,4,4,6,154,2800,431200,474320
719,19/11/2011,21,4,3,10,27,450,12150,10935
720,17/11/2010,6,5,1,12,18,400,7200,6480
721,23/01/2014,2,5,5,1,42,200,8400,9240
722,07/03/2010,14,1,2,28,6,1800,10800,10800
723,12/03/2012,11,3,3,16,58,350,20300,22330
724,12/02/2013,24,4,3,9,72,500,36000,36000
725,30/07/2013,17,6,5,25,235,2000,470000,423000
726,07/07/2014,1,2,4,7,55,1600,88000,96800
727,21/04/2012,21,3,3,2,51,1800,91800,100980
728,25/09/2013,4,2,4,4,50,2400,120000,132000
729,13/09/2011,19,5,1,5,49,2600,127400,127400
730,23/09/2014,12,1,4,5,38,2600,98800,98800
731,18/08/2013,18,4,5,12,53,400,21200,23320
732,21/08/2011,15,1,3,1,23,200,4600,4600
733,20/05/2013,14,5,1,28,25,1800,45000,40500
734,16/08/2011,9,2,5,1,58,200,11600,12760
735,29/02/2012,17,1,1,15,8,700,5600,5600
736,07/01/2013,24,4,1,8,38,300,11400,11400
737,18/09/2013,9,4,1,23,25,2800,70000,70000
738,10/03/2010,20,2,1,24,9,1200,10800,9720
739,25/04/2014,14,3,3,17,55,250,13750,15125
740,26/03/2010,16,2,1,26,0,2500,0,0
741,28/11/2011,20,5,4,3,81,2000,162000,162000
742,10/03/2011,5,1,3,18,21,300,6300,6930
743,21/04/2010,4,4,3,21,39,3000,117000,105300
744,30/09/2011,19,6,5,22,280,3200,896000,985600
745,01/10/2014,16,5,1,6,44,2800,123200,123200
746,21/06/2013,12,3,1,12,17,400,6800,6800
747,31/05/2010,19,3,5,19,55,2000,110000,99000
748,28/09/2012,4,5,4,26,116,2500,290000,319000
749,03/08/2010,3,6,3,17,75,250,18750,16875
750,01/12/2010,14,3,4,24,10,1200,12000,12000
751,05/10/2010,6,5,5,11,145,300,43500,39150
752,01/10/2014,11,3,1,28,2,1800,3600,3240
753,29/06/2012,17,5,3,19,103,2000,206000,185400
754,03/10/2010,6,1,4,17,18,250,4500,4500
755,07/04/2013,24,2,4,23,53,2800,148400,133560
756,04/09/2013,14,1,2,20,16,2500,40000,36000
757,28/06/2012,1,5,3,24,70,1200,84000,92400
758,26/12/2013,1,3,4,23,34,2800,95200,85680
759,23/07/2012,24,6,5,21,6,3000,18000,18000
760,29/07/2014,9,1,1,5,2,2600,5200,5200
761,17/02/2012,14,6,3,9,9,500,4500,4050
762,20/05/2014,2,4,5,12,46,400,18400,20240
763,23/08/2014,4,6,2,27,41,2800,114800,126280
764,18/08/2013,22,6,4,6,140,2800,392000,431200
765,11/02/2014,23,5,5,18,145,300,43500,39150
766,09/10/2012,22,2,3,3,51,2000,102000,112200
767,08/10/2012,7,5,2,17,66,250,16500,14850
768,04/05/2012,15,1,3,3,21,2000,42000,46200
769,20/03/2014,5,2,2,22,17,3200,54400,54400
770,06/04/2010,3,5,2,27,37,2800,103600,103600
771,07/06/2011,2,5,4,10,88,450,39600,43560
772,13/11/2013,19,6,5,24,58,1200,69600,76560
773,27/04/2010,20,5,1,2,30,1800,54000,48600
774,20/05/2014,23,6,2,17,14,250,3500,3500
775,01/02/2012,16,1,1,14,4,650,2600,2600
776,01/06/2011,3,1,2,5,8,2600,20800,22880
777,14/04/2010,8,1,5,25,1,2000,2000,1800
778,25/11/2011,16,3,3,28,79,1800,142200,156420
779,02/02/2012,22,5,5,28,115,1800,207000,207000
780,05/05/2014,17,3,5,11,10,300,3000,3000
781,14/07/2010,21,6,5,28,29,1800,52200,57420
782,15/10/2014,3,5,4,16,17,350,5950,6545
783,16/03/2014,20,2,1,14,14,650,9100,8190
784,23/04/2013,3,4,4,25,62,2000,124000,111600
785,19/04/2013,10,4,3,16,51,350,17850,19635
786,10/03/2014,9,2,1,16,12,350,4200,3780
787,06/11/2012,3,3,3,18,67,300,20100,22110
788,24/09/2011,17,3,3,28,77,1800,138600,152460
789,13/09/2010,9,4,5,19,176,2000,352000,387200
790,25/09/2013,1,1,2,3,18,2000,36000,32400
791,10/01/2012,4,5,4,28,2,1800,3600,3960
792,11/11/2013,9,5,4,24,108,1200,129600,142560
793,06/08/2011,4,5,3,8,61,300,18300,16470
794,19/04/2014,18,5,1,16,39,350,13650,13650
795,13/11/2010,16,5,3,3,0,2000,0,0
796,09/11/2014,9,3,2,15,16,700,11200,11200
797,25/01/2010,23,6,4,9,10,500,5000,4500
798,28/12/2011,17,3,3,9,68,500,34000,37400
799,24/02/2012,14,3,1,28,6,1800,10800,9720
800,02/07/2014,24,5,3,17,3,250,750,675
801,01/05/2011,17,2,4,4,25,2400,60000,66000
802,04/06/2014,14,4,2,17,47,250,11750,10575
803,03/04/2013,12,2,5,22,19,3200,60800,60800
804,23/02/2011,3,6,1,23,2,2800,5600,6160
805,10/04/2012,21,1,2,27,6,2800,16800,16800
806,16/01/2010,17,3,5,9,0,500,0,0
807,12/07/2010,12,1,1,24,2,1200,2400,2640
808,23/08/2012,1,6,1,24,44,1200,52800,47520
809,15/10/2010,7,3,2,5,7,2600,18200,18200
810,01/09/2012,5,5,2,28,34,1800,61200,61200
811,31/12/2011,6,6,1,28,23,1800,41400,37260
812,28/08/2011,22,4,4,9,72,500,36000,39600
813,02/08/2011,14,5,5,5,208,2600,540800,594880
814,09/09/2011,1,5,2,2,41,1800,73800,73800
815,05/09/2013,7,1,2,3,18,2000,36000,39600
816,23/05/2012,1,2,4,7,44,1600,70400,63360
817,14/08/2012,19,2,2,21,17,3000,51000,45900
818,27/07/2014,7,4,1,27,26,2800,72800,72800
819,15/07/2010,19,4,2,4,1,2400,2400,2400
820,26/08/2012,4,1,2,13,13,600,7800,7020
821,18/01/2012,8,4,4,4,44,2400,105600,116160
822,17/06/2010,16,4,5,5,35,2600,91000,91000
823,21/03/2010,17,3,2,16,53,350,18550,18550
824,05/10/2010,10,1,2,13,6,600,3600,3960
825,20/11/2012,1,2,3,26,8,2500,20000,18000
826,04/04/2011,20,4,2,19,45,2000,90000,99000
827,16/11/2014,5,3,1,20,21,2500,52500,52500
828,07/07/2011,9,4,3,23,23,2800,64400,70840
829,05/12/2013,19,6,1,21,18,3000,54000,54000
830,03/07/2012,19,2,2,29,33,2300,75900,68310
831,17/05/2013,1,4,4,5,42,2600,109200,109200
832,06/05/2014,10,6,5,6,6,2800,16800,16800
833,27/07/2010,16,1,3,6,18,2800,50400,55440
834,25/04/2014,20,2,4,3,8,2000,16000,14400
835,07/05/2014,24,1,4,20,10,2500,25000,22500
836,11/06/2010,11,3,5,17,96,250,24000,21600
837,22/12/2010,1,6,5,22,130,3200,416000,416000
838,12/03/2014,2,5,2,7,70,1600,112000,123200
839,26/08/2013,14,4,3,10,44,450,19800,19800
840,17/11/2013,13,2,4,6,50,2800,140000,126000
841,15/02/2011,6,5,5,28,24,1800,43200,38880
842,04/01/2011,24,4,3,3,112,2000,224000,201600
843,04/12/2011,15,1,2,20,18,2500,45000,45000
844,03/01/2014,3,4,3,29,87,2300,200100,220110
845,21/09/2014,6,1,1,8,5,300,1500,1650
846,06/09/2014,5,3,1,5,29,2600,75400,82940
847,08/04/2010,22,6,5,28,295,1800,531000,531000
848,30/11/2014,9,6,3,12,46,400,18400,20240
849,09/09/2014,11,4,4,22,151,3200,483200,483200
850,17/12/2014,11,1,2,9,17,500,8500,8500
851,27/03/2010,22,5,5,20,126,2500,315000,315000
852,16/11/2010,18,5,5,14,10,650,6500,7150
853,10/05/2013,3,3,1,7,6,1600,9600,10560
854,23/11/2013,10,2,1,18,17,300,5100,5610
855,07/04/2011,17,3,1,9,18,500,9000,8100
856,30/05/2012,19,1,3,29,3,2300,6900,6210
857,18/12/2013,14,6,2,4,87,2400,208800,229680
858,27/04/2014,13,3,1,11,13,300,3900,3900
859,08/04/2013,24,2,4,11,42,300,12600,13860
860,11/11/2012,19,3,2,3,55,2000,110000,110000
861,03/12/2013,13,5,5,19,31,2000,62000,55800
862,05/01/2012,14,3,3,12,21,400,8400,9240
863,16/03/2010,14,5,4,5,112,2600,291200,320320
864,23/11/2013,2,6,2,5,82,2600,213200,191880
865,27/05/2014,10,3,5,22,92,3200,294400,294400
866,21/01/2013,5,6,2,29,85,2300,195500,215050
867,15/10/2013,6,3,1,24,3,1200,3600,3600
868,27/02/2013,21,5,3,14,27,650,17550,19305
869,10/11/2012,1,3,4,12,27,400,10800,9720
870,18/08/2012,23,2,5,28,71,1800,127800,115020
871,27/08/2010,21,3,2,25,57,2000,114000,114000
872,07/03/2011,13,5,5,6,34,2800,95200,85680
873,16/09/2012,8,4,4,29,107,2300,246100,246100
874,17/11/2011,7,3,1,18,11,300,3300,3630
875,26/10/2010,13,4,3,15,32,700,22400,22400
876,26/03/2011,6,5,4,14,132,650,85800,77220
877,03/10/2014,21,4,2,6,44,2800,123200,135520
878,13/10/2013,10,5,3,23,66,2800,184800,184800
879,02/04/2010,6,6,1,28,20,1800,36000,32400
880,23/07/2011,14,2,1,12,16,400,6400,5760
881,03/06/2012,11,5,3,5,134,2600,348400,348400
882,18/04/2011,18,4,2,15,74,700,51800,46620
883,12/10/2011,24,4,4,13,148,600,88800,97680
884,11/05/2011,1,2,1,19,0,2000,0,0
885,14/09/2012,2,1,4,18,11,300,3300,2970
886,19/10/2013,15,2,2,6,26,2800,72800,72800
887,26/09/2013,23,3,3,1,77,200,15400,15400
888,05/06/2014,9,2,5,1,98,200,19600,21560
889,17/04/2012,16,2,4,8,21,300,6300,6300
890,15/12/2011,3,4,3,17,3,250,750,675
891,14/06/2013,15,2,3,25,42,2000,84000,84000
892,10/11/2010,23,3,2,9,29,500,14500,14500
893,27/12/2012,3,1,4,13,13,600,7800,8580
894,17/03/2010,22,4,3,23,14,2800,39200,39200
895,14/05/2010,23,5,5,16,77,350,26950,26950
896,07/05/2010,18,2,3,9,54,500,27000,27000
897,24/03/2014,13,6,1,12,5,400,2000,2200
898,17/11/2014,8,6,5,6,25,2800,70000,77000
899,04/02/2013,6,6,4,13,236,600,141600,141600
900,13/06/2010,7,1,3,24,29,1200,34800,38280
901,31/10/2010,12,3,5,9,24,500,12000,13200
902,24/11/2014,24,6,3,21,151,3000,453000,453000
903,25/07/2012,24,3,3,7,37,1600,59200,59200
904,19/08/2010,13,3,2,4,29,2400,69600,69600
905,29/06/2014,2,3,4,1,104,200,20800,22880
906,24/12/2013,4,6,4,6,54,2800,151200,151200
907,19/08/2014,8,2,4,27,16,2800,44800,44800
908,10/01/2013,14,3,2,12,50,400,20000,20000
909,29/04/2013,22,5,2,3,63,2000,126000,113400
910,27/10/2012,22,1,4,9,31,500,15500,13950
911,01/05/2014,19,2,2,25,31,2000,62000,62000
912,23/12/2012,8,6,5,29,192,2300,441600,441600
913,18/01/2012,14,6,2,14,36,650,23400,25740
914,23/08/2014,18,4,2,29,68,2300,156400,156400
915,28/10/2010,20,1,2,26,4,2500,10000,9000
916,17/10/2010,18,4,3,8,18,300,5400,5940
917,01/09/2014,13,1,3,19,16,2000,32000,32000
918,29/04/2014,19,3,5,11,36,300,10800,9720
919,27/02/2014,16,3,1,8,6,300,1800,1980
920,25/04/2010,12,3,1,1,17,200,3400,3060
921,03/08/2014,11,5,5,21,129,3000,387000,425700
922,01/10/2013,14,6,1,25,56,2000,112000,100800
923,20/07/2012,6,3,3,19,81,2000,162000,145800
924,20/11/2012,24,2,3,23,57,2800,159600,143640
925,27/12/2010,1,3,3,11,69,300,20700,18630
926,12/11/2013,23,1,3,20,7,2500,17500,17500
927,28/11/2012,7,1,4,21,3,3000,9000,9900
928,14/09/2013,11,4,1,14,13,650,8450,8450
929,22/11/2013,5,2,1,1,3,200,600,600
930,13/02/2011,8,5,2,16,81,350,28350,25515
931,01/09/2013,7,2,1,22,18,3200,57600,57600
932,11/12/2010,21,2,1,21,3,3000,9000,9000
933,28/04/2014,6,1,2,27,13,2800,36400,36400
934,06/04/2011,23,2,5,29,5,2300,11500,12650
935,27/09/2011,2,1,3,10,27,450,12150,10935
936,16/02/2013,13,5,3,29,121,2300,278300,278300
937,31/10/2010,10,2,2,20,28,2500,70000,77000
938,27/09/2014,12,2,2,29,26,2300,59800,65780
939,06/09/2011,23,1,3,9,20,500,10000,10000
940,01/09/2010,20,4,5,1,141,200,28200,28200
941,27/06/2010,18,5,4,25,139,2000,278000,278000
942,27/05/2013,4,1,4,26,22,2500,55000,60500
943,07/02/2010,5,6,4,19,181,2000,362000,325800
944,05/08/2010,9,4,5,19,54,2000,108000,108000
945,08/02/2011,12,5,4,25,46,2000,92000,92000
946,12/01/2012,18,3,1,9,21,500,10500,9450
947,09/12/2012,8,3,1,10,2,450,900,990
948,25/04/2012,3,5,2,12,83,400,33200,29880
949,18/03/2010,8,1,2,25,4,2000,8000,7200
950,31/03/2012,9,3,4,26,56,2500,140000,140000
951,21/02/2012,2,4,2,26,16,2500,40000,36000
952,24/05/2012,10,2,1,8,2,300,600,660
953,27/03/2013,2,6,3,7,156,1600,249600,274560
954,12/06/2013,22,3,5,20,138,2500,345000,379500
955,16/05/2013,10,6,3,18,122,300,36600,36600
956,11/01/2012,13,3,1,22,9,3200,28800,31680
957,07/01/2011,23,1,1,26,7,2500,17500,17500
958,11/09/2010,5,3,5,5,88,2600,228800,205920
959,14/05/2014,4,2,1,7,0,1600,0,0
960,24/05/2010,13,4,2,24,58,1200,69600,62640
961,29/11/2010,11,3,3,11,41,300,12300,12300
962,19/09/2013,6,5,4,6,20,2800,56000,61600
963,29/12/2010,7,4,5,12,166,400,66400,66400
964,18/03/2011,17,4,2,4,22,2400,52800,52800
965,14/02/2011,23,3,2,6,34,2800,95200,104720
966,02/02/2011,12,4,3,4,93,2400,223200,223200
967,15/03/2012,22,6,2,19,102,2000,204000,224400
968,24/04/2011,18,4,1,2,25,1800,45000,49500
969,03/07/2013,17,6,1,11,32,300,9600,10560
970,21/11/2014,22,4,2,29,13,2300,29900,26910
971,20/11/2011,23,6,5,2,1,1800,1800,1620
972,16/08/2014,8,3,1,7,19,1600,30400,33440
973,02/04/2010,2,6,1,25,30,2000,60000,54000
974,04/06/2014,3,2,2,25,30,2000,60000,54000
975,27/05/2014,23,2,1,18,8,300,2400,2400
976,11/05/2011,17,4,5,20,109,2500,272500,272500
977,18/08/2013,9,1,3,15,23,700,16100,16100
978,21/10/2010,17,1,2,27,3,2800,8400,9240
979,17/12/2013,21,5,1,8,8,300,2400,2640
980,17/11/2011,22,1,4,28,4,1800,7200,7200
981,23/11/2012,17,3,1,24,8,1200,9600,9600
982,12/07/2013,16,1,1,11,5,300,1500,1350
983,10/11/2012,15,6,1,7,9,1600,14400,14400
984,28/06/2010,13,5,1,5,18,2600,46800,42120
985,07/08/2014,22,6,1,9,33,500,16500,18150
986,14/07/2014,18,4,1,12,27,400,10800,10800
987,15/11/2010,18,4,1,2,24,1800,43200,47520
988,17/03/2011,1,4,5,26,27,2500,67500,74250
989,26/09/2012,18,5,4,6,21,2800,58800,58800
990,08/09/2010,9,2,2,7,32,1600,51200,51200
991,30/03/2011,4,2,5,3,47,2000,94000,103400
992,26/12/2012,19,2,1,9,3,500,1500,1350
993,21/03/2010,24,2,5,21,95,3000,285000,313500
994,16/10/2013,6,1,4,2,17,1800,30600,33660
995,09/02/2013,6,4,5,29,27,2300,62100,62100
996,04/08/2014,8,6,4,10,234,450,105300,105300
997,25/05/2014,19,4,2,25,59,2000,118000,129800
998,24/12/2011,12,3,1,9,23,500,11500,11500
999,02/01/2011,18,4,4,18,127,300,38100,34290
1000,03/06/2012,12,4,5,19,94,2000,188000,169200
1001,30/07/2013,21,3,4,15,51,700,35700,32130
1002,14/05/2013,10,2,2,4,15,2400,36000,39600
1003,05/09/2014,10,1,3,14,21,650,13650,13650
1004,13/08/2011,8,5,2,24,98,1200,117600,129360
1005,26/12/2011,7,2,4,14,44,650,28600,28600
1006,16/03/2010,18,1,5,5,19,2600,49400,49400
1007,29/05/2012,4,1,1,29,9,2300,20700,20700
1008,17/10/2010,20,6,5,28,49,1800,88200,79380
1009,08/01/2011,15,4,5,15,107,700,74900,82390
1010,26/12/2011,20,5,5,11,226,300,67800,67800
1011,03/01/2012,1,3,3,20,87,2500,217500,195750
1012,15/03/2012,7,5,2,9,74,500,37000,33300
1013,17/06/2012,4,2,3,4,15,2400,36000,32400
1014,11/01/2011,9,2,4,11,46,300,13800,13800
1015,10/10/2010,3,6,2,26,20,2500,50000,50000
1016,09/04/2012,12,6,2,9,107,500,53500,48150
1017,20/01/2014,17,3,4,28,31,1800,55800,61380
1018,15/07/2012,16,4,5,14,62,650,40300,36270
1019,08/09/2013,18,3,4,28,20,1800,36000,36000
1020,04/04/2014,8,3,5,21,134,3000,402000,402000
1021,07/02/2010,6,4,3,18,12,300,3600,3960
1022,27/02/2013,1,1,1,12,9,400,3600,3240
1023,10/12/2013,21,2,5,8,54,300,16200,14580
1024,02/03/2011,3,4,2,13,73,600,43800,43800
1025,23/06/2011,19,5,2,2,49,1800,88200,97020
1026,09/12/2013,22,1,5,19,23,2000,46000,50600
1027,10/08/2014,18,5,5,25,63,2000,126000,126000
1028,28/04/2011,19,5,1,21,23,3000,69000,75900
1029,10/02/2011,12,1,2,26,14,2500,35000,35000
1030,18/12/2011,7,6,3,19,131,2000,262000,262000
1031,08/05/2013,6,6,4,3,91,2000,182000,200200
1032,30/11/2014,9,1,1,17,5,250,1250,1125
1033,09/05/2011,19,2,2,2,21,1800,37800,41580
1034,15/09/2013,9,4,2,7,40,1600,64000,70400
1035,18/09/2012,4,2,1,25,3,2000,6000,6600
1036,28/12/2010,20,3,5,11,11,300,3300,3630
1037,25/08/2013,11,6,5,15,273,700,191100,191100
1038,10/10/2010,1,4,1,4,38,2400,91200,91200
1039,27/09/2011,10,5,5,8,143,300,42900,38610
1040,23/05/2012,23,5,2,14,35,650,22750,25025
1041,31/10/2012,13,2,3,21,49,3000,147000,132300
1042,04/04/2011,3,4,3,12,107,400,42800,47080
1043,20/10/2012,6,2,2,23,5,2800,14000,12600
1044,06/07/2011,5,6,5,22,250,3200,800000,800000
1045,30/06/2012,2,5,1,29,36,2300,82800,74520
1046,26/01/2012,15,2,2,9,31,500,15500,13950
1047,26/06/2012,11,6,3,6,93,2800,260400,286440
1048,28/03/2013,23,4,5,3,191,2000,382000,382000
1049,08/10/2011,13,4,1,27,22,2800,61600,61600
1050,13/08/2013,21,1,2,19,14,2000,28000,25200
1051,28/06/2011,5,2,5,10,1,450,450,495
1052,18/02/2012,18,6,1,29,43,2300,98900,108790
1053,07/09/2010,24,4,2,17,6,250,1500,1350
1054,18/02/2012,6,1,4,13,37,600,22200,22200
1055,08/11/2011,13,5,4,27,43,2800,120400,120400
1056,23/11/2012,10,3,2,15,20,700,14000,15400
1057,04/07/2014,24,5,5,10,186,450,83700,75330
1058,27/02/2014,13,6,1,15,26,700,18200,20020
1059,02/02/2011,13,1,3,9,11,500,5500,6050
1060,14/02/2013,11,5,1,1,47,200,9400,8460
1061,12/08/2010,16,3,4,8,78,300,23400,21060
1062,28/11/2012,21,1,5,26,32,2500,80000,88000
1063,14/06/2014,20,6,3,5,81,2600,210600,189540
1064,21/11/2012,18,1,5,13,1,600,600,600
1065,22/10/2014,17,4,3,19,15,2000,30000,33000
1066,27/03/2012,14,1,2,24,15,1200,18000,16200
1067,28/03/2012,19,2,3,20,28,2500,70000,77000
1068,21/09/2012,12,2,1,3,14,2000,28000,28000
1069,23/12/2013,8,5,4,2,196,1800,352800,388080
1070,20/04/2012,18,6,2,5,38,2600,98800,108680
1071,07/09/2010,21,1,1,2,6,1800,10800,9720
1072,28/07/2011,16,3,4,29,29,2300,66700,66700
1073,28/12/2010,8,1,1,18,7,300,2100,1890
1074,05/11/2013,12,2,3,10,18,450,8100,7290
1075,31/08/2014,13,2,1,11,4,300,1200,1320
1076,28/02/2012,24,6,1,2,42,1800,75600,83160
1077,04/12/2013,23,3,1,22,6,3200,19200,21120
1078,21/11/2012,6,3,2,14,33,650,21450,19305
1079,06/10/2014,2,1,3,1,13,200,2600,2340
1080,07/06/2013,22,3,4,25,109,2000,218000,196200
1081,16/09/2012,1,3,1,11,13,300,3900,4290
1082,10/09/2012,11,1,1,18,4,300,1200,1320
1083,06/01/2013,21,6,4,20,131,2500,327500,360250
1084,04/06/2011,4,5,5,16,225,350,78750,78750
1085,06/11/2011,11,1,1,23,9,2800,25200,25200
1086,24/01/2010,22,4,1,20,26,2500,65000,71500
1087,01/06/2013,23,1,3,25,27,2000,54000,54000
1088,18/04/2012,9,3,2,5,29,2600,75400,82940
1089,01/12/2010,10,3,4,4,27,2400,64800,64800
1090,25/01/2012,12,3,2,10,19,450,8550,8550
1091,31/12/2014,8,3,5,29,30,2300,69000,75900
1092,03/12/2014,5,3,2,18,20,300,6000,6600
1093,30/11/2012,21,5,3,9,116,500,58000,52200
1094,18/01/2010,3,5,3,20,68,2500,170000,153000
1095,08/11/2010,24,4,1,18,27,300,8100,8910
1096,28/12/2012,3,1,1,26,3,2500,7500,6750
1097,28/06/2010,2,5,1,13,20,600,12000,12000
1098,17/05/2014,17,5,2,11,91,300,27300,30030
1099,25/06/2011,2,2,1,21,5,3000,15000,13500
1100,10/02/2010,12,3,5,16,83,350,29050,29050
1101,26/04/2010,12,2,5,22,85,3200,272000,272000
1102,25/09/2014,17,2,3,10,51,450,22950,25245
1103,30/11/2010,15,3,2,3,45,2000,90000,99000
1104,10/08/2013,7,3,5,25,110,2000,220000,220000
1105,11/11/2010,13,6,5,4,199,2400,477600,477600
1106,19/12/2012,12,5,3,6,140,2800,392000,392000
1107,11/10/2010,12,1,1,10,2,450,900,990
1108,16/05/2013,12,2,5,12,43,400,17200,15480
1109,07/01/2012,21,1,4,23,3,2800,8400,7560
1110,16/06/2010,12,5,2,21,53,3000,159000,159000
1111,09/07/2011,6,1,3,23,1,2800,2800,2800
1112,17/02/2010,13,6,2,11,42,300,12600,13860
1113,03/02/2010,9,6,5,1,28,200,5600,5600
1114,10/12/2010,10,4,2,16,39,350,13650,13650
1115,26/01/2014,7,6,2,16,96,350,33600,30240
1116,14/05/2011,6,4,2,22,4,3200,12800,14080
1117,28/04/2010,24,2,4,5,9,2600,23400,25740
1118,08/03/2010,17,1,4,23,23,2800,64400,70840
1119,22/01/2011,17,3,1,18,6,300,1800,1800
1120,23/08/2012,10,1,5,18,21,300,6300,6930
1121,10/03/2014,17,5,5,2,88,1800,158400,174240
1122,22/07/2010,8,4,5,12,111,400,44400,48840
1123,08/06/2013,11,1,1,9,1,500,500,500
1124,29/11/2010,6,5,5,8,249,300,74700,74700
1125,18/04/2013,18,4,2,28,67,1800,120600,108540
1126,10/07/2011,9,6,3,2,87,1800,156600,156600
1127,25/10/2014,23,4,2,17,15,250,3750,4125
1128,19/05/2011,18,3,4,27,9,2800,25200,22680
1129,18/12/2011,13,5,1,7,27,1600,43200,38880
1130,24/02/2013,13,4,5,3,106,2000,212000,233200
1131,28/04/2012,8,4,1,15,1,700,700,770
1132,07/07/2010,7,1,5,6,14,2800,39200,35280
1133,19/02/2011,4,6,4,4,165,2400,396000,396000
1134,21/08/2011,8,2,4,26,42,2500,105000,94500
1135,31/08/2014,7,4,4,15,19,700,13300,11970
1136,28/12/2010,6,2,2,16,9,350,3150,3150
1137,10/07/2011,3,3,3,3,46,2000,92000,82800
1138,12/09/2012,19,2,4,28,60,1800,108000,97200
1139,14/04/2010,14,2,2,11,9,300,2700,2430
1140,01/12/2010,9,5,3,18,55,300,16500,16500
1141,14/04/2012,10,5,1,28,37,1800,66600,59940
1142,19/09/2011,4,6,1,20,57,2500,142500,156750
1143,02/02/2014,1,2,1,22,15,3200,48000,43200
1144,11/09/2014,6,4,4,7,31,1600,49600,49600
1145,26/01/2014,13,4,5,3,133,2000,266000,292600
1146,29/05/2011,13,4,4,21,86,3000,258000,232200
1147,02/06/2013,24,4,3,18,54,300,16200,17820
1148,04/11/2014,3,1,1,28,5,1800,9000,9900
1149,02/05/2014,20,3,2,23,29,2800,81200,73080
1150,03/08/2011,15,4,3,26,21,2500,52500,47250
1151,21/07/2010,20,2,3,7,49,1600,78400,86240
1152,24/11/2014,6,2,2,12,2,400,800,800
1153,13/10/2013,7,1,3,25,4,2000,8000,8000
1154,13/11/2013,2,1,5,22,32,3200,102400,92160
1155,12/03/2012,12,4,3,7,15,1600,24000,26400
1156,11/10/2014,11,2,1,28,19,1800,34200,34200
1157,27/02/2011,11,1,1,24,4,1200,4800,5280
1158,06/10/2014,17,6,2,7,26,1600,41600,45760
1159,13/07/2013,1,1,2,18,18,300,5400,5400
1160,27/03/2011,23,1,5,5,42,2600,109200,120120
1161,05/12/2014,11,3,1,15,24,700,16800,18480
1162,10/03/2012,11,6,2,12,41,400,16400,14760
1163,21/05/2014,6,2,3,14,56,650,36400,36400
1164,14/10/2011,21,5,4,11,88,300,26400,23760
1165,15/02/2013,8,2,5,7,63,1600,100800,110880
1166,09/04/2010,6,1,1,1,5,200,1000,900
1167,21/02/2010,1,5,1,28,24,1800,43200,47520
1168,12/05/2012,22,2,5,5,83,2600,215800,215800
1169,03/12/2012,19,6,5,17,26,250,6500,6500
1170,20/05/2013,3,1,1,6,1,2800,2800,3080
1171,22/04/2014,6,2,2,5,17,2600,44200,44200
1172,21/09/2013,13,5,5,9,192,500,96000,86400
1173,06/12/2012,19,4,4,23,23,2800,64400,64400
1174,09/03/2013,20,6,1,22,58,3200,185600,167040
1175,23/01/2012,23,5,1,12,21,400,8400,9240
1176,16/12/2010,5,2,5,10,65,450,29250,26325
1177,27/12/2013,9,2,1,29,13,2300,29900,32890
1178,11/01/2013,15,1,5,7,49,1600,78400,78400
1179,16/04/2011,7,6,4,16,106,350,37100,37100
1180,04/10/2012,3,2,2,7,3,1600,4800,5280
1181,26/05/2014,6,6,2,6,45,2800,126000,113400
1182,09/12/2010,18,4,1,22,31,3200,99200,89280
1183,08/12/2014,16,5,3,23,14,2800,39200,35280
1184,08/02/2013,16,2,3,14,55,650,35750,39325
1185,19/09/2011,1,1,3,3,14,2000,28000,25200
1186,05/07/2014,11,2,3,9,30,500,15000,15000
1187,21/02/2014,12,4,2,20,4,2500,10000,10000
1188,17/10/2011,20,6,2,6,0,2800,0,0
1189,04/02/2010,7,3,5,25,142,2000,284000,255600
1190,01/07/2013,5,6,4,7,162,1600,259200,233280
1191,14/10/2013,15,4,5,20,185,2500,462500,508750
1192,30/04/2012,23,6,4,26,55,2500,137500,151250
1193,09/10/2014,2,6,1,11,58,300,17400,19140
1194,11/10/2013,5,5,4,9,124,500,62000,55800
1195,18/09/2012,12,2,2,21,34,3000,102000,91800
1196,01/09/2011,5,6,5,23,245,2800,686000,617400
1197,18/08/2010,15,3,3,16,71,350,24850,27335
1198,05/05/2012,17,5,3,9,76,500,38000,38000
1199,21/07/2010,14,6,1,17,23,250,5750,5175
1200,17/10/2010,19,1,3,17,29,250,7250,7250
1201,02/05/2013,21,2,1,23,11,2800,30800,33880
1202,24/12/2014,8,3,3,16,70,350,24500,22050
1203,09/04/2012,5,3,1,9,17,500,8500,7650
1204,09/11/2011,3,2,5,19,53,2000,106000,95400
1205,23/03/2014,22,1,2,2,19,1800,34200,30780
1206,06/02/2013,15,1,3,16,4,350,1400,1400
1207,05/07/2012,5,1,2,24,5,1200,6000,6000
1208,10/04/2014,18,5,3,2,60,1800,108000,108000
1209,28/02/2013,13,6,5,3,212,2000,424000,424000
1210,05/10/2012,22,2,3,21,0,3000,0,0
1211,16/09/2013,20,4,2,16,52,350,18200,18200
1212,21/05/2010,5,3,4,17,27,250,6750,6750
1213,01/02/2012,23,6,4,4,54,2400,129600,142560
1214,17/05/2014,19,5,5,14,119,650,77350,69615
1215,08/01/2011,19,4,5,20,153,2500,382500,382500
1216,11/12/2011,9,5,2,11,64,300,19200,19200
1217,05/09/2013,20,5,3,2,91,1800,163800,147420
1218,25/08/2012,18,6,1,25,26,2000,52000,52000
1219,19/09/2014,15,5,3,13,31,600,18600,16740
1220,17/01/2013,17,2,3,10,31,450,13950,13950
1221,23/10/2010,17,6,4,15,173,700,121100,133210
1222,04/11/2012,16,4,3,20,93,2500,232500,209250
1223,10/04/2011,10,6,1,22,30,3200,96000,105600
1224,12/01/2011,8,1,2,2,13,1800,23400,23400
1225,08/06/2011,22,3,5,23,15,2800,42000,46200
1226,05/10/2011,8,4,4,6,112,2800,313600,282240
1227,26/12/2011,18,4,2,22,52,3200,166400,183040
1228,13/07/2012,20,2,3,14,15,650,9750,9750
1229,27/11/2013,5,4,2,1,19,200,3800,3800
1230,24/02/2011,23,6,1,16,20,350,7000,6300
1231,14/05/2012,3,2,1,27,5,2800,14000,14000
1232,22/11/2010,21,5,3,29,114,2300,262200,288420
1233,24/02/2011,2,2,4,23,66,2800,184800,203280
1234,12/08/2010,12,4,2,7,26,1600,41600,41600
1235,08/02/2011,20,5,5,12,73,400,29200,32120
1236,20/09/2014,1,6,5,5,27,2600,70200,77220
1237,16/11/2012,8,3,5,18,59,300,17700,17700
1238,09/11/2014,21,4,3,27,83,2800,232400,209160
1239,25/02/2010,12,6,3,26,119,2500,297500,297500
1240,03/06/2014,1,1,2,26,11,2500,27500,30250
1241,03/11/2013,2,5,1,29,37,2300,85100,93610
1242,05/10/2011,19,3,3,17,37,250,9250,8325
1243,08/11/2013,20,2,1,9,11,500,5500,6050
1244,21/09/2013,4,3,2,15,43,700,30100,33110
1245,21/01/2010,12,2,5,21,25,3000,75000,67500
1246,13/04/2012,22,3,2,26,16,2500,40000,44000
1247,20/09/2010,16,1,5,26,43,2500,107500,118250
1248,27/06/2014,2,6,1,9,10,500,5000,5000
1249,09/05/2013,15,3,5,23,89,2800,249200,249200
1250,28/08/2014,7,5,2,5,52,2600,135200,148720
1251,19/06/2011,8,2,5,25,0,2000,0,0
1252,05/11/2013,3,1,2,18,10,300,3000,3300
1253,20/10/2013,14,1,3,21,11,3000,33000,29700
1254,14/04/2012,4,4,5,13,1,600,600,600
1255,04/05/2010,6,2,1,25,5,2000,10000,10000
1256,01/01/2013,16,4,1,16,23,350,8050,8050
1257,25/03/2013,12,1,2,17,5,250,1250,1375
1258,16/09/2010,15,4,4,23,41,2800,114800,114800
1259,18/01/2011,14,3,4,10,83,450,37350,41085
1260,21/08/2012,14,6,3,7,91,1600,145600,160160
1261,02/08/2013,4,6,4,19,47,2000,94000,103400
1262,04/05/2013,15,2,5,16,66,350,23100,25410
1263,12/09/2011,22,2,4,28,11,1800,19800,17820
1264,04/01/2012,19,4,1,28,36,1800,64800,64800
1265,06/06/2013,3,3,2,17,27,250,6750,7425
1266,05/06/2010,17,2,1,7,4,1600,6400,7040
1267,23/04/2014,12,4,1,8,26,300,7800,7800
1268,22/01/2010,14,1,2,23,18,2800,50400,50400
1269,31/12/2014,4,6,4,18,140,300,42000,37800
1270,20/09/2010,9,5,2,27,20,2800,56000,50400
1271,19/05/2010,9,4,5,17,56,250,14000,14000
1272,06/04/2012,18,2,4,3,75,2000,150000,150000
1273,15/05/2012,7,3,2,28,24,1800,43200,47520
1274,24/10/2012,21,2,1,26,2,2500,5000,5000
1275,24/11/2011,12,1,1,4,7,2400,16800,15120
1276,16/01/2013,18,2,5,15,49,700,34300,30870
1277,03/05/2010,16,4,1,27,1,2800,2800,3080
1278,27/07/2014,13,3,1,14,18,650,11700,11700
1279,25/06/2011,3,3,5,19,38,2000,76000,68400
1280,01/06/2010,21,5,4,21,166,3000,498000,448200
1281,06/09/2011,6,4,5,21,166,3000,498000,448200
1282,20/03/2010,11,4,2,25,15,2000,30000,27000
1283,22/06/2010,12,1,1,25,4,2000,8000,8000
1284,06/08/2014,13,6,1,20,43,2500,107500,118250
1285,13/05/2010,12,5,5,23,57,2800,159600,175560
1286,23/09/2013,22,4,3,29,48,2300,110400,110400
1287,21/06/2012,5,4,2,19,40,2000,80000,80000
1288,07/05/2012,21,6,3,25,17,2000,34000,37400
1289,21/08/2014,10,6,3,17,143,250,35750,32175
1290,03/09/2011,18,5,5,2,135,1800,243000,218700
1291,27/04/2013,24,3,1,14,3,650,1950,2145
1292,05/10/2012,15,5,4,1,46,200,9200,10120
1293,21/11/2013,21,3,4,11,89,300,26700,26700
1294,16/01/2012,4,2,1,7,6,1600,9600,8640
1295,21/03/2010,19,2,2,20,17,2500,42500,38250
1296,24/05/2013,23,1,2,14,5,650,3250,3575
1297,12/06/2011,23,6,4,12,138,400,55200,60720
1298,25/10/2010,2,4,2,7,38,1600,60800,60800
1299,04/03/2010,14,4,2,4,57,2400,136800,150480
1300,14/04/2013,11,5,3,1,78,200,15600,17160
1301,31/03/2014,17,3,3,10,33,450,14850,13365
1302,14/08/2013,2,6,4,27,34,2800,95200,95200
1303,28/10/2013,19,2,2,2,7,1800,12600,13860
1304,19/03/2014,3,4,4,3,80,2000,160000,160000
1305,23/06/2011,7,3,3,26,70,2500,175000,157500
1306,10/08/2013,10,3,2,17,8,250,2000,2200
1307,12/02/2012,23,6,4,9,17,500,8500,8500
1308,10/05/2014,19,5,4,24,181,1200,217200,217200
1309,16/02/2013,22,5,2,19,70,2000,140000,126000
1310,13/12/2010,10,6,4,17,70,250,17500,19250
1311,21/01/2010,15,1,5,2,8,1800,14400,12960
1312,08/05/2014,23,6,1,23,27,2800,75600,75600
1313,13/02/2010,20,1,3,15,24,700,16800,16800
1314,21/04/2014,23,6,2,22,85,3200,272000,272000
1315,05/02/2011,8,3,1,13,17,600,10200,11220
1316,16/08/2013,18,6,2,2,94,1800,169200,186120
1317,19/12/2012,15,4,3,23,10,2800,28000,28000
1318,18/12/2013,14,2,5,15,31,700,21700,21700
1319,15/01/2013,15,4,3,2,8,1800,14400,12960
1320,01/03/2010,10,5,5,16,5,350,1750,1925
1321,26/04/2010,7,3,4,21,38,3000,114000,114000
1322,02/05/2011,21,6,3,10,175,450,78750,78750
1323,27/09/2013,19,4,4,6,126,2800,352800,317520
1324,20/05/2014,12,6,2,18,14,300,4200,4200
1325,06/11/2010,4,2,1,26,2,2500,5000,5500
1326,13/06/2014,23,1,3,16,9,350,3150,2835
1327,23/06/2010,19,1,1,5,9,2600,23400,25740
1328,17/01/2011,13,3,4,13,24,600,14400,12960
1329,22/12/2012,17,2,4,19,7,2000,14000,15400
1330,05/06/2013,10,4,4,9,64,500,32000,35200
1331,31/08/2010,14,3,5,3,107,2000,214000,192600
1332,24/09/2014,7,4,1,28,27,1800,48600,53460
1333,26/04/2011,18,3,2,20,9,2500,22500,24750
1334,30/05/2014,14,6,4,13,233,600,139800,139800
1335,27/06/2014,2,2,4,2,64,1800,115200,126720
1336,31/10/2011,11,2,3,2,34,1800,61200,67320
1337,12/06/2014,5,5,4,3,88,2000,176000,176000
1338,04/01/2012,7,6,5,21,114,3000,342000,342000
1339,03/03/2014,23,5,1,24,34,1200,40800,44880
1340,09/10/2010,16,1,2,24,0,1200,0,0
1341,07/09/2012,19,3,3,29,22,2300,50600,55660
1342,02/11/2010,20,5,4,17,165,250,41250,41250
1343,20/03/2010,11,1,4,14,22,650,14300,14300
1344,21/05/2013,12,6,5,5,10,2600,26000,26000
1345,23/06/2013,23,3,4,13,69,600,41400,41400
1346,11/11/2012,19,1,4,23,6,2800,16800,16800
1347,07/04/2012,4,4,4,10,154,450,69300,62370
1348,27/10/2011,10,2,2,27,12,2800,33600,36960
1349,18/04/2010,24,2,3,5,48,2600,124800,112320
1350,15/02/2012,15,2,5,24,96,1200,115200,126720
1351,26/07/2011,12,4,3,6,21,2800,58800,64680
1352,17/03/2013,6,6,1,14,4,650,2600,2860
1353,03/12/2014,1,5,1,9,42,500,21000,18900
1354,19/09/2010,13,3,3,16,36,350,12600,12600
1355,13/06/2012,14,5,4,24,65,1200,78000,78000
1356,13/02/2013,5,6,5,3,143,2000,286000,314600
1357,22/05/2014,1,4,1,12,13,400,5200,5720
1358,11/12/2012,17,1,2,17,11,250,2750,2750
1359,08/12/2014,1,6,2,8,51,300,15300,13770
1360,04/02/2010,2,3,4,7,77,1600,123200,110880
1361,03/02/2013,5,6,3,3,14,2000,28000,28000
1362,23/05/2010,20,2,1,9,5,500,2500,2500
1363,07/11/2014,7,6,2,5,116,2600,301600,271440
1364,15/02/2014,11,3,3,24,71,1200,85200,76680
1365,19/03/2012,23,3,4,15,76,700,53200,53200
1366,28/03/2012,12,4,5,24,88,1200,105600,116160
1367,27/11/2014,9,4,3,24,107,1200,128400,115560
1368,20/05/2014,15,3,3,27,16,2800,44800,49280
1369,20/07/2011,16,6,4,27,173,2800,484400,484400
1370,27/07/2013,9,1,5,3,44,2000,88000,79200
1371,29/11/2010,6,4,1,6,32,2800,89600,98560
1372,11/06/2011,22,3,2,16,39,350,13650,12285
1373,04/10/2010,2,1,2,27,14,2800,39200,39200
1374,17/02/2011,15,6,2,17,32,250,8000,8000
1375,11/05/2010,12,6,3,29,10,2300,23000,25300
1376,11/08/2011,21,3,2,11,7,300,2100,2100
1377,02/01/2011,3,6,4,6,15,2800,42000,42000
1378,15/11/2010,9,2,2,19,21,2000,42000,42000
1379,12/09/2014,2,3,3,14,9,650,5850,5850
1380,31/01/2012,2,3,2,24,31,1200,37200,33480
1381,15/06/2010,22,2,5,4,98,2400,235200,258720
1382,10/02/2013,3,5,5,29,69,2300,158700,158700
1383,06/01/2014,17,6,3,26,177,2500,442500,398250
1384,01/07/2012,20,1,3,18,16,300,4800,4800
1385,23/09/2012,19,3,2,11,29,300,8700,8700
1386,22/08/2012,3,5,1,19,44,2000,88000,88000
1387,22/07/2010,6,5,2,15,6,700,4200,4200
1388,23/12/2014,16,1,5,22,5,3200,16000,14400
1389,23/01/2011,3,1,2,15,1,700,700,700
1390,26/06/2013,13,2,3,20,3,2500,7500,8250
1391,08/12/2013,7,1,5,5,46,2600,119600,119600
1392,19/06/2014,20,4,5,15,56,700,39200,39200
1393,18/02/2011,7,3,4,16,69,350,24150,21735
1394,03/09/2011,22,5,3,3,12,2000,24000,26400
1395,14/11/2012,24,2,4,16,35,350,12250,11025
1396,31/01/2012,3,4,2,1,12,200,2400,2640
1397,13/03/2012,12,6,3,18,30,300,9000,8100
1398,09/10/2013,14,2,2,25,26,2000,52000,57200
1399,11/06/2012,23,5,5,27,223,2800,624400,624400
1400,24/10/2014,16,3,5,5,35,2600,91000,100100
1401,21/03/2012,6,5,4,5,4,2600,10400,9360
1402,17/10/2013,14,6,2,3,12,2000,24000,21600
1403,22/05/2010,4,4,2,20,40,2500,100000,90000
1404,15/07/2011,6,6,1,10,36,450,16200,17820
1405,23/11/2010,17,6,1,15,21,700,14700,16170
1406,05/04/2010,17,3,2,7,21,1600,33600,30240
1407,01/03/2010,6,1,2,16,0,350,0,0
1408,11/02/2011,8,2,5,22,39,3200,124800,137280
1409,01/10/2010,10,6,3,21,66,3000,198000,217800
1410,22/10/2012,19,1,1,2,6,1800,10800,9720
1411,02/09/2013,12,5,5,18,165,300,49500,44550
1412,10/01/2014,16,1,3,23,0,2800,0,0
1413,06/01/2012,15,6,5,29,270,2300,621000,683100
1414,13/08/2011,20,5,4,12,159,400,63600,69960
1415,02/10/2010,5,3,1,5,17,2600,44200,48620
1416,16/11/2010,23,1,2,22,17,3200,54400,48960
1417,12/05/2011,1,3,3,28,59,1800,106200,116820
1418,16/11/2013,7,3,1,10,11,450,4950,4950
1419,25/09/2012,3,4,2,12,61,400,24400,24400
1420,21/07/2010,22,3,1,21,8,3000,24000,21600
1421,04/09/2010,13,4,5,14,35,650,22750,22750
1422,10/07/2013,10,4,2,1,53,200,10600,11660
1423,01/09/2012,3,3,4,21,43,3000,129000,141900
1424,20/12/2011,14,6,3,3,59,2000,118000,118000
1425,04/09/2013,17,5,1,19,1,2000,2000,2000
1426,22/06/2010,6,1,3,4,19,2400,45600,45600
1427,18/12/2013,13,5,5,25,219,2000,438000,481800
1428,06/04/2012,13,6,4,26,212,2500,530000,530000
1429,26/03/2013,15,4,5,16,178,350,62300,62300
1430,31/08/2010,6,5,3,5,12,2600,31200,28080
1431,21/05/2013,3,6,4,28,30,1800,54000,48600
1432,19/06/2012,18,3,2,4,39,2400,93600,84240
1433,16/02/2014,10,6,4,13,175,600,105000,105000
1434,03/09/2014,19,4,2,1,78,200,15600,15600
1435,09/08/2010,4,6,2,3,52,2000,104000,104000
1436,23/09/2014,10,2,3,23,51,2800,142800,142800
1437,31/08/2014,1,4,2,7,20,1600,32000,28800
1438,21/12/2011,3,6,4,15,41,700,28700,31570
1439,07/03/2010,8,2,1,7,12,1600,19200,19200
1440,29/01/2014,12,3,4,12,92,400,36800,33120
1441,22/01/2011,20,5,2,7,84,1600,134400,147840
1442,05/07/2012,21,6,2,2,86,1800,154800,170280
1443,06/04/2010,17,6,3,2,174,1800,313200,344520
1444,08/04/2011,10,6,4,18,28,300,8400,8400
1445,24/07/2014,14,3,2,14,59,650,38350,38350
1446,17/07/2011,11,3,1,18,26,300,7800,7800
1447,30/03/2011,9,2,2,23,22,2800,61600,61600
1448,24/04/2011,15,3,2,13,17,600,10200,9180
1449,19/09/2012,12,1,5,24,34,1200,40800,40800
1450,20/11/2010,20,3,3,2,9,1800,16200,17820
1451,19/03/2014,17,2,4,2,55,1800,99000,89100
1452,26/07/2011,17,1,5,23,16,2800,44800,40320
1453,01/06/2012,12,2,1,17,5,250,1250,1250
1454,11/09/2010,14,3,1,7,7,1600,11200,11200
1455,30/06/2013,18,3,3,16,33,350,11550,11550
1456,17/01/2010,15,5,5,21,230,3000,690000,690000
1457,12/11/2013,15,6,2,26,17,2500,42500,46750
1458,20/12/2010,5,3,3,24,4,1200,4800,4320
1459,13/04/2013,16,2,2,11,23,300,6900,6900
1460,07/08/2013,24,3,3,23,75,2800,210000,231000
1461,03/05/2011,23,2,1,29,12,2300,27600,27600
1462,13/06/2013,17,6,2,28,7,1800,12600,12600
1463,21/06/2012,20,6,4,2,201,1800,361800,325620
1464,30/06/2011,22,3,5,27,18,2800,50400,55440
1465,02/11/2011,24,3,2,20,19,2500,47500,47500
1466,19/09/2012,21,6,4,11,19,300,5700,5700
1467,09/09/2011,6,2,3,16,10,350,3500,3850
1468,05/06/2011,12,4,2,5,17,2600,44200,48620
1469,26/08/2010,11,6,2,18,31,300,9300,8370
1470,19/09/2011,14,4,2,22,48,3200,153600,168960
1471,27/04/2014,23,4,1,24,18,1200,21600,19440
1472,11/05/2014,4,6,1,1,24,200,4800,5280
1473,21/02/2010,14,2,4,22,70,3200,224000,246400
1474,15/10/2010,21,6,2,27,78,2800,218400,218400
1475,06/06/2012,1,6,2,9,107,500,53500,58850
1476,15/10/2014,13,6,2,16,43,350,15050,16555
1477,06/06/2014,1,4,4,24,108,1200,129600,142560
1478,24/11/2014,6,2,3,29,0,2300,0,0
1479,15/10/2014,9,2,5,27,82,2800,229600,206640
1480,13/03/2012,4,1,1,10,0,450,0,0
1481,26/02/2011,4,2,3,23,27,2800,75600,83160
1482,22/01/2013,24,3,1,6,1,2800,2800,2800
1483,11/06/2012,13,3,1,22,9,3200,28800,28800
1484,05/03/2012,6,4,4,17,128,250,32000,32000
1485,28/04/2013,21,3,5,19,9,2000,18000,18000
1486,01/02/2012,7,1,5,3,6,2000,12000,13200
1487,06/07/2010,22,6,5,17,130,250,32500,35750
1488,06/09/2011,23,4,2,2,70,1800,126000,126000
1489,14/03/2012,21,6,4,19,172,2000,344000,309600
1490,04/07/2013,22,2,5,5,34,2600,88400,79560
1491,17/01/2014,3,6,4,9,209,500,104500,94050
1492,18/09/2012,19,5,1,13,3,600,1800,1800
1493,30/07/2012,15,6,1,7,2,1600,3200,2880
1494,08/10/2014,19,1,4,15,38,700,26600,26600
1495,08/06/2014,16,5,2,19,81,2000,162000,178200
1496,07/02/2011,17,4,4,4,87,2400,208800,187920
1497,12/05/2014,23,1,3,10,4,450,1800,1800
1498,13/02/2011,17,6,5,15,283,700,198100,198100
1499,12/11/2012,3,2,5,10,24,450,10800,11880
